id_obra;keyword
2;adventure
2;family
2;terror
8;fiction
14;fiction
21;fiction
22;fiction
33;action
57;fiction
68;action
86;action
86;science-fiction
105;action
117;fiction
132;action
156;action
156;fiction
156;sport
158;action
159;family
176;fiction
195;fiction
201;action
219;action
219;adventure
220;action
224;action
232;action
245;fiction
247;fiction
271;fiction
272;action
273;action
273;family
273;musical
273;thriller
273;war
284;action
292;fiction
298;fiction
317;fiction
327;action
336;action
336;thriller
336;war
337;family
337;musical
337;thriller
338;action
338;science-fiction
338;terror
340;action
340;adventure
340;war
361;fiction
365;action
406;action
417;action
422;fiction
440;comedy
455;comedy
455;fiction
495;fiction
507;adventure
516;action
521;action
537;fiction
552;family
552;thriller
552;war
564;action
590;comedy
590;fiction
596;action
616;comedy
616;fiction
617;action
647;action
679;action
713;fiction
747;action
751;family
751;war
774;action
780;action
781;action
781;adult
781;historic
781;thriller
781;war
782;musical
795;fiction
796;action
855;war
856;comedy
856;fiction
871;fiction
876;adventure
882;fiction
885;action
887;fiction
891;action
892;fiction
907;comedy
907;fiction
910;action
910;family
910;musical
910;thriller
910;war
919;fiction
921;fiction
930;action
931;comedy
931;fiction
949;action
949;fiction
949;terror
949;war
953;action
953;adventure
958;action
966;action
974;action
978;adventure
978;fiction
993;action
998;fiction
1004;fiction
1009;war
1025;historic
1025;war
1026;action
1039;action
1039;musical
1052;action
1101;war
1115;action
1115;family
1115;war
1120;fiction
1121;family
1121;thriller
1127;fiction
1140;family
1144;fiction
1158;action
1181;fiction
1183;action
1208;fiction
1248;action
1257;comedy
1261;action
1286;action
1286;family
1305;action
1367;fiction
1368;fiction
1370;family
1386;fiction
1409;fiction
1421;fiction
1441;adult
1490;fiction
1502;action
1506;action
1513;action
1515;fiction
1529;fiction
1554;action
1574;comedy
1616;fiction
1625;fiction
1636;fiction
1679;fiction
1682;fiction
1684;action
1695;action
1703;action
1703;science-fiction
1707;fiction
1708;action
1709;action
1718;thriller
1722;fiction
1722;thriller
1727;action
1727;family
1727;historic
1727;thriller
1727;war
1729;action
1729;historic
1731;fiction
1734;fiction
1736;west
1742;action
1742;adult
1742;adventure
1742;family
1742;fiction
1742;musical
1742;science-fiction
1742;thriller
1742;war
1743;action
1743;war
1744;adult
1744;terror
1747;action
1747;terror
1747;thriller
1747;war
1754;war
1756;war
1757;action
1757;historic
1768;adult
1770;adult
1771;adult
1776;action
1776;adult
1776;family
1776;musical
1776;thriller
1776;war
1780;action
1780;comedy
1780;fiction
1780;terror
1780;thriller
1787;action
1790;family
1798;action
1802;adult
1803;action
1803;adult
1804;adult
1804;war
1806;action
1806;adult
1806;family
1806;thriller
1809;action
1809;thriller
1817;west
1818;action
1818;thriller
1818;war
1832;action
1832;thriller
1841;action
1842;adult
1844;adult
1852;adult
1852;family
1855;action
1858;action
1858;family
1858;war
1860;action
1861;action
1861;adventure
1861;fiction
1861;science-fiction
1861;thriller
1863;action
1863;drama
1863;fiction
1863;musical
1863;war
1864;war
1874;action
1874;adult
1874;historic
1874;thriller
1874;war
1878;action
1878;war
1879;action
1883;action
1883;adult
1883;adventure
1883;family
1883;musical
1883;war
1886;action
1886;adventure
1886;historic
1890;adult
1890;thriller
1891;action
1891;adult
1891;thriller
1891;west
1905;action
1905;family
1905;fiction
1905;musical
1905;terror
1905;thriller
1907;action
1907;adult
1907;adventure
1907;musical
1914;action
1914;adult
1914;adventure
1914;family
1914;historic
1914;musical
1914;thriller
1914;war
1916;musical
1918;adult
1918;thriller
1919;action
1919;adult
1919;adventure
1919;family
1919;musical
1919;terror
1919;thriller
1919;war
1922;action
1922;musical
1934;action
1934;adult
1934;family
1934;fiction
1934;historic
1934;thriller
1937;adult
1937;family
1938;action
1942;action
1943;action
1950;war
1951;action
1965;action
1975;adult
1975;family
1975;historic
1975;thriller
1977;action
1983;action
1983;adult
1983;family
1983;war
1989;adult
1989;historic
1991;action
1997;action
1997;adult
1998;action
1998;adult
1999;action
1999;adult
2005;action
2006;action
2006;adult
2006;family
2006;thriller
2009;action
2009;adventure
2009;war
2010;historic
2012;musical
2012;thriller
2012;war
2014;action
2016;action
2024;action
2024;family
2024;war
2029;action
2029;adult
2030;action
2030;adult
2030;family
2030;musical
2030;thriller
2030;war
2033;family
2034;action
2034;adult
2034;adventure
2034;family
2034;historic
2034;musical
2034;science-fiction
2034;thriller
2034;war
2037;action
2037;historic
2037;musical
2037;science-fiction
2037;thriller
2037;war
2038;action
2039;west
2040;action
2040;adventure
2040;thriller
2040;war
2041;action
2042;action
2047;action
2054;action
2055;action
2055;adult
2055;thriller
2063;action
2063;adult
2063;comedy
2063;family
2063;musical
2063;thriller
2065;action
2065;musical
2070;action
2071;action
2073;adult
2074;adult
2076;adult
2078;action
2078;adult
2078;drama
2078;family
2078;musical
2088;terror
2091;action
2091;family
2091;musical
2097;action
2101;action
2102;family
2103;action
2103;adult
2103;adventure
2103;drama
2103;family
2103;thriller
2103;war
2105;adventure
2106;adult
2106;comedy
2108;action
2108;adult
2108;adventure
2108;family
2108;historic
2108;thriller
2108;war
2113;action
2121;west
2122;adult
2128;action
2128;adult
2128;family
2129;action
2130;action
2130;adult
2130;family
2130;historic
2130;thriller
2141;war
2148;action
2148;adventure
2148;thriller
2148;war
2152;adult
2152;historic
2153;action
2161;action
2161;adult
2161;family
2161;thriller
2161;war
2163;adult
2164;action
2164;adult
2164;adventure
2164;family
2164;historic
2164;musical
2164;thriller
2164;war
2166;thriller
2167;action
2167;musical
2169;action
2174;action
2174;adult
2174;drama
2174;science-fiction
2174;thriller
2174;war
2176;action
2176;adult
2176;adventure
2176;family
2176;historic
2176;musical
2176;thriller
2176;war
2179;action
2179;adult
2179;family
2179;historic
2179;war
2181;action
2181;adult
2182;action
2182;war
2185;action
2185;family
2185;musical
2185;war
2189;historic
2201;adult
2209;action
2209;family
2209;musical
2209;thriller
2210;action
2213;action
2213;adult
2217;action
2217;adult
2217;comedy
2217;family
2217;musical
2217;terror
2217;war
2220;action
2223;action
2223;adult
2223;adventure
2223;family
2226;action
2226;musical
2226;thriller
2226;war
2230;action
2232;action
2232;family
2232;fiction
2232;musical
2232;science-fiction
2232;thriller
2234;action
2235;action
2235;adult
2235;musical
2235;thriller
2237;action
2237;historic
2237;thriller
2237;west
2253;action
2253;west
2257;thriller
2265;adult
2271;action
2271;adult
2271;family
2271;musical
2271;war
2272;action
2272;adult
2272;thriller
2272;war
2273;adult
2276;terror
2276;thriller
2278;action
2278;historic
2278;west
2285;adventure
2301;adult
2304;action
2304;adult
2304;adventure
2304;family
2304;musical
2304;thriller
2304;war
2310;adult
2321;action
2321;adult
2321;musical
2327;adult
2328;action
2328;war
2333;action
2333;adult
2333;family
2333;musical
2333;science-fiction
2333;thriller
2338;adult
2339;action
2341;action
2342;adventure
2342;family
2342;thriller
2347;fiction
2349;action
2349;adult
2351;action
2351;family
2351;historic
2351;war
2354;adventure
2354;family
2354;war
2360;thriller
2366;adult
2367;adult
2383;adult
2384;action
2384;adult
2389;adult
2389;musical
2395;action
2396;action
2398;west
2399;action
2400;thriller
2404;action
2404;drama
2404;musical
2409;action
2409;thriller
2410;action
2410;thriller
2417;action
2417;adult
2420;thriller
2425;fiction
2426;action
2436;adult
2439;thriller
2440;action
2440;adult
2440;family
2440;musical
2440;thriller
2442;terror
2442;thriller
2445;action
2445;adult
2447;adult
2450;fiction
2468;war
2488;action
2488;family
2488;war
2489;action
2494;action
2495;action
2496;action
2496;adult
2496;comedy
2496;musical
2497;action
2497;historic
2513;action
2513;family
2514;adult
2515;action
2516;war
2517;action
2527;adult
2527;musical
2527;terror
2534;action
2537;adult
2539;family
2544;adult
2549;action
2549;adventure
2549;family
2549;fiction
2549;musical
2553;action
2553;musical
2557;action
2557;adult
2557;historic
2557;musical
2557;thriller
2561;adult
2561;thriller
2566;comedy
2572;thriller
2574;action
2574;adventure
2574;family
2574;thriller
2576;adult
2578;war
2588;adult
2589;action
2589;adult
2590;action
2590;musical
2595;action
2595;fiction
2599;adult
2604;action
2604;adult
2604;musical
2604;terror
2604;thriller
2604;war
2607;action
2607;adult
2607;adventure
2607;thriller
2614;action
2614;thriller
2617;adult
2619;action
2619;comedy
2619;fiction
2619;musical
2619;war
2622;thriller
2626;thriller
2628;action
2629;war
2635;action
2635;musical
2635;thriller
2636;action
2636;adventure
2636;thriller
2637;thriller
2640;historic
2652;thriller
2655;action
2655;adult
2655;family
2655;historic
2655;musical
2655;science-fiction
2655;terror
2655;thriller
2655;war
2656;action
2656;adventure
2661;adventure
2664;action
2664;comedy
2664;family
2664;thriller
2670;war
2679;adult
2690;thriller
2693;adult
2693;family
2695;adult
2696;action
2696;adventure
2696;thriller
2696;war
2700;adult
2702;adult
2702;family
2702;thriller
2705;action
2706;thriller
2710;adult
2711;action
2713;adventure
2713;war
2725;action
2725;thriller
2726;action
2728;action
2728;adult
2728;war
2729;action
2729;fiction
2731;historic
2737;adult
2737;thriller
2746;adult
2747;action
2747;musical
2747;thriller
2747;war
2753;thriller
2754;adult
2760;adult
2762;war
2768;adult
2770;adult
2776;action
2777;action
2777;adult
2777;war
2780;thriller
2785;adult
2786;action
2786;adult
2786;family
2786;thriller
2787;action
2787;adult
2787;war
2787;west
2792;action
2792;fiction
2795;adult
2799;action
2800;action
2803;action
2810;war
2811;action
2811;historic
2811;thriller
2813;family
2813;fiction
2815;adult
2829;action
2829;adult
2829;family
2840;adult
2841;action
2841;adult
2841;historic
2841;sport
2842;action
2843;action
2843;fiction
2845;action
2845;historic
2845;war
2846;action
2846;adult
2846;family
2846;thriller
2846;war
2847;action
2847;adult
2847;adventure
2847;thriller
2849;action
2849;comedy
2849;science-fiction
2849;thriller
2860;action
2860;comedy
2865;action
2865;family
2865;musical
2865;thriller
2869;adult
2875;action
2879;action
2879;war
2886;action
2886;adult
2888;comedy
2890;action
2890;adult
2890;comedy
2890;family
2890;war
2892;thriller
2894;adult
2895;drama
2899;action
2899;adventure
2899;thriller
2902;action
2903;action
2907;action
2909;action
2909;family
2909;war
2911;family
2911;historic
2911;war
2915;action
2918;action
2922;action
2922;adult
2922;adventure
2923;action
2923;adventure
2923;historic
2923;war
2926;action
2932;adult
2933;action
2936;action
2938;action
2939;adult
2939;adventure
2939;family
2939;thriller
2942;comedy
2942;historic
2942;war
2944;terror
2957;action
2957;adult
2961;action
2961;family
2961;historic
2961;musical
2961;war
2966;historic
2971;adult
2975;action
2977;action
2977;adult
2977;fiction
2978;action
2978;family
2979;war
2986;action
2986;adult
2986;comedy
2986;family
2986;war
2994;action
2994;adult
2994;adventure
2994;historic
2994;war
2998;adult
2998;historic
2999;action
2999;adult
2999;adventure
2999;family
2999;historic
2999;musical
2999;science-fiction
2999;sport
2999;thriller
2999;war
3002;action
3002;adult
3002;adventure
3002;family
3002;thriller
3004;action
3006;adult
3010;action
3010;war
3016;action
3016;family
3016;fiction
3016;war
3020;action
3024;action
3024;adult
3024;adventure
3024;science-fiction
3024;thriller
3025;adult
3025;terror
3030;action
3030;adult
3030;adventure
3030;family
3030;musical
3030;thriller
3033;adult
3034;action
3034;war
3036;comedy
3048;action
3048;adult
3048;comedy
3048;family
3048;historic
3048;musical
3048;thriller
3048;war
3050;adult
3051;comedy
3051;thriller
3057;action
3057;adult
3057;comedy
3057;war
3058;action
3058;adult
3058;fiction
3058;musical
3058;thriller
3060;action
3063;action
3073;action
3073;war
3086;action
3086;fiction
3086;war
3093;thriller
3095;action
3095;adult
3095;historic
3095;thriller
3095;war
3097;action
3097;adult
3097;adventure
3097;family
3097;sport
3097;war
3097;west
3102;thriller
3105;comedy
3114;action
3116;action
3116;adventure
3116;family
3116;historic
3116;science-fiction
3116;terror
3116;thriller
3116;war
3118;action
3118;adult
3118;musical
3121;comedy
3121;thriller
3122;science-fiction
3122;thriller
3123;science-fiction
3125;action
3125;adult
3125;historic
3125;musical
3125;terror
3125;thriller
3134;action
3134;historic
3134;thriller
3134;war
3137;action
3137;drama
3137;fiction
3137;thriller
3142;action
3142;adult
3142;thriller
3144;adult
3148;west
3157;adult
3157;war
3158;action
3158;adult
3158;adventure
3158;thriller
3158;war
3162;action
3162;adventure
3172;family
3174;action
3174;thriller
3174;war
3176;musical
3177;action
3177;adult
3177;adventure
3177;family
3177;fiction
3177;historic
3177;thriller
3177;war
3178;war
3179;action
3179;adult
3179;historic
3179;thriller
3182;action
3182;adult
3182;drama
3182;family
3185;fiction
3187;action
3189;action
3189;adult
3189;family
3189;historic
3189;musical
3189;science-fiction
3189;thriller
3189;war
3190;action
3190;historic
3190;war
3199;adult
3199;musical
3204;adventure
3207;adult
3212;adult
3217;action
3217;adult
3217;terror
3217;thriller
3219;adult
3220;action
3220;adult
3220;thriller
3222;thriller
3229;action
3229;thriller
3230;action
3231;action
3237;action
3237;adventure
3237;musical
3237;terror
3237;thriller
3237;war
3238;action
3238;family
3239;action
3239;war
3240;adventure
3242;action
3242;adult
3242;family
3242;historic
3242;musical
3242;thriller
3242;war
3246;action
3246;adventure
3255;action
3255;fiction
3258;action
3258;adventure
3258;comedy
3269;action
3269;family
3269;thriller
3270;action
3273;adult
3282;action
3282;adult
3282;family
3282;historic
3282;musical
3282;thriller
3282;war
3287;action
3289;adult
3296;action
3296;family
3296;musical
3296;thriller
3299;adult
3300;action
3300;comedy
3302;adult
3306;historic
3307;action
3307;adult
3307;family
3307;war
3309;adult
3310;adult
3310;comedy
3310;thriller
3312;action
3312;adult
3312;musical
3315;family
3315;war
3317;action
3317;adult
3326;action
3326;adult
3326;adventure
3326;family
3326;musical
3326;science-fiction
3326;thriller
3326;war
3340;action
3340;adult
3340;historic
3340;thriller
3341;adult
3343;action
3343;adult
3343;family
3343;musical
3343;sport
3343;war
3347;war
3348;action
3348;adult
3348;fiction
3348;musical
3348;thriller
3348;war
3357;historic
3358;action
3362;action
3362;adult
3362;historic
3362;science-fiction
3366;action
3366;historic
3374;action
3374;west
3375;action
3375;fiction
3376;action
3376;adult
3376;thriller
3378;comedy
3379;action
3379;adult
3379;historic
3397;musical
3398;action
3398;musical
3399;action
3399;adult
3399;musical
3401;action
3401;adult
3401;adventure
3401;family
3401;musical
3401;sport
3401;terror
3401;thriller
3401;war
3409;action
3409;fiction
3409;historic
3409;thriller
3409;war
3415;adult
3422;action
3439;action
3439;thriller
3446;action
3446;family
3446;thriller
3446;war
3448;action
3448;adult
3448;adventure
3448;drama
3448;family
3448;historic
3448;musical
3448;thriller
3448;war
3453;action
3453;adult
3453;thriller
3453;war
3455;adult
3455;thriller
3457;family
3458;action
3460;action
3460;adult
3462;adult
3466;action
3466;adult
3466;comedy
3466;thriller
3467;comedy
3474;action
3474;thriller
3476;adult
3478;comedy
3481;adult
3484;action
3484;adult
3484;fiction
3486;family
3486;fiction
3487;family
3489;action
3489;adult
3489;comedy
3489;family
3489;thriller
3489;war
3491;adult
3491;musical
3491;thriller
3491;war
3493;action
3493;adult
3493;adventure
3493;war
3495;action
3495;thriller
3499;action
3499;adult
3499;adventure
3499;comedy
3499;family
3499;thriller
3499;war
3501;action
3501;adventure
3501;musical
3501;war
3505;adult
3505;comedy
3505;historic
3507;comedy
3508;action
3508;adult
3508;adventure
3508;family
3508;fiction
3508;musical
3508;thriller
3508;war
3509;action
3509;family
3525;historic
3527;comedy
3527;historic
3528;action
3530;adult
3532;adult
3533;action
3536;action
3536;adult
3536;historic
3536;thriller
3541;adult
3543;action
3543;adventure
3543;musical
3543;thriller
3545;action
3545;thriller
3550;action
3550;adult
3550;thriller
3550;war
3559;action
3559;adventure
3559;family
3559;terror
3559;thriller
3559;war
3560;action
3560;terror
3560;war
3562;adult
3562;science-fiction
3564;science-fiction
3565;war
3566;action
3566;adult
3566;family
3566;musical
3566;war
3572;action
3572;adult
3572;adventure
3572;war
3581;action
3583;action
3583;family
3583;musical
3586;adult
3591;adult
3595;adult
3597;adult
3600;action
3600;adult
3600;adventure
3600;comedy
3600;family
3600;science-fiction
3600;thriller
3600;war
3603;west
3607;adult
3607;comedy
3607;war
3615;action
3615;adult
3615;adventure
3619;terror
3619;thriller
3627;adult
3637;adult
3637;thriller
3638;action
3638;adult
3638;family
3638;thriller
3638;war
3640;adult
3640;adventure
3648;action
3648;war
3649;action
3652;action
3652;adult
3652;adventure
3652;historic
3652;musical
3652;thriller
3652;war
3657;action
3657;family
3658;action
3658;adult
3658;adventure
3658;comedy
3658;family
3658;thriller
3658;war
3659;action
3660;family
3660;thriller
3662;adult
3663;action
3663;adult
3664;action
3664;comedy
3664;family
3664;historic
3664;musical
3664;thriller
3664;war
3674;action
3674;adventure
3674;family
3677;historic
3679;action
3681;action
3682;action
3682;war
3683;thriller
3686;adult
3689;fiction
3700;family
3700;fiction
3700;historic
3700;terror
3700;war
3701;fiction
3702;action
3702;adult
3702;adventure
3702;family
3702;historic
3702;musical
3702;science-fiction
3702;thriller
3702;war
3703;musical
3704;musical
3705;action
3705;adult
3705;adventure
3705;family
3705;musical
3705;science-fiction
3705;thriller
3705;war
3713;action
3715;action
3716;adult
3716;historic
3721;comedy
3721;family
3722;thriller
3726;action
3726;adult
3726;adventure
3726;historic
3726;thriller
3728;action
3728;thriller
3729;action
3729;adult
3729;terror
3729;thriller
3732;adult
3732;comedy
3732;thriller
3733;terror
3738;action
3738;adult
3738;adventure
3738;family
3740;action
3740;adult
3740;family
3740;musical
3740;war
3743;action
3743;adult
3744;action
3744;adult
3744;comedy
3748;adult
3749;adult
3751;adult
3752;adult
3752;adventure
3754;terror
3754;thriller
3764;action
3766;action
3766;adult
3766;musical
3766;war
3769;action
3769;adventure
3769;terror
3769;thriller
3769;war
3772;action
3772;adult
3772;thriller
3777;thriller
3780;adult
3780;musical
3780;thriller
3785;adult
3786;action
3786;adult
3786;family
3793;action
3793;adult
3796;adult
3796;adventure
3796;terror
3796;war
3798;action
3798;adult
3798;comedy
3798;family
3798;historic
3798;thriller
3801;war
3814;action
3814;adult
3814;thriller
3819;family
3823;comedy
3824;adventure
3836;family
3839;action
3839;adventure
3839;family
3841;adult
3841;war
3844;thriller
3853;action
3855;action
3855;comedy
3855;family
3865;action
3865;adult
3865;adventure
3865;family
3865;historic
3865;musical
3865;war
3871;terror
3871;thriller
3871;war
3872;action
3875;action
3875;war
3880;adult
3884;musical
3889;adult
3892;comedy
3895;action
3895;adult
3895;historic
3895;thriller
3896;adult
3897;action
3897;adult
3897;war
3900;west
3902;adult
3909;action
3909;family
3909;war
3909;west
3912;action
3912;adult
3912;drama
3917;action
3917;science-fiction
3917;thriller
3917;war
3919;drama
3923;terror
3923;thriller
3925;action
3925;adult
3926;action
3926;thriller
3928;adult
3928;musical
3929;action
3929;family
3936;action
3936;drama
3936;fiction
3936;war
3938;adult
3939;adult
3940;adult
3940;drama
3940;historic
3940;war
3941;adult
3944;adult
3947;action
3947;adult
3947;musical
3947;war
3948;action
3948;adult
3948;family
3951;action
3951;adult
3952;action
3952;adventure
3952;thriller
3954;thriller
3955;war
3957;action
3957;adventure
3957;family
3959;action
3959;thriller
3960;action
3960;adult
3977;action
3977;adult
3979;adult
3981;action
3981;adult
3981;terror
3981;thriller
3982;action
3982;adult
3982;terror
3982;thriller
3982;war
3983;action
3983;thriller
3986;action
3986;adventure
3986;family
3990;action
3992;family
3993;adult
3993;drama
3996;action
3999;action
3999;adult
4000;action
4000;adult
4000;adventure
4000;family
4000;historic
4000;terror
4000;thriller
4000;war
4003;adventure
4003;science-fiction
4004;action
4004;adult
4004;musical
4004;thriller
4010;action
4010;fiction
4010;musical
4010;terror
4010;thriller
4013;action
4013;adult
4013;family
4013;war
4017;war
4019;action
4019;adult
4019;historic
4019;thriller
4020;action
4020;musical
4022;action
4022;thriller
4022;war
4026;action
4026;adult
4027;action
4027;adult
4029;action
4029;adult
4029;thriller
4039;adult
4041;action
4041;adult
4041;family
4041;thriller
4041;war
4042;family
4043;action
4048;adult
4051;action
4051;adult
4051;adventure
4051;family
4051;fiction
4051;war
4053;thriller
4060;action
4063;adult
4063;thriller
4065;adult
4067;action
4074;adventure
4074;family
4074;war
4083;action
4083;adult
4083;drama
4083;musical
4085;thriller
4086;action
4086;adult
4087;thriller
4095;adventure
4095;family
4095;fiction
4095;musical
4102;adult
4102;war
4103;action
4104;action
4104;adult
4104;war
4113;action
4113;adult
4113;musical
4113;war
4114;adventure
4116;action
4116;thriller
4117;adult
4117;war
4119;action
4119;adventure
4119;musical
4120;action
4120;adult
4120;musical
4120;thriller
4121;adult
4121;thriller
4122;action
4123;musical
4135;action
4135;comedy
4135;family
4135;musical
4135;thriller
4135;war
4137;action
4149;action
4149;adult
4151;action
4153;war
4155;action
4155;war
4156;action
4156;adult
4163;family
4173;action
4174;war
4175;action
4175;adult
4175;thriller
4181;action
4182;comedy
4190;action
4191;action
4191;family
4194;action
4194;historic
4197;action
4197;family
4197;war
4202;action
4213;action
4213;adult
4213;drama
4213;historic
4213;musical
4219;action
4219;adult
4219;musical
4223;action
4223;adult
4223;comedy
4223;family
4223;musical
4223;thriller
4223;war
4225;action
4225;adult
4225;comedy
4225;family
4226;action
4226;family
4226;historic
4226;thriller
4228;action
4228;adult
4228;family
4228;thriller
4228;war
4231;action
4240;action
4241;action
4241;adult
4241;musical
4241;thriller
4249;drama
4250;war
4252;action
4252;adult
4252;family
4252;historic
4252;thriller
4252;war
4256;action
4257;science-fiction
4267;action
4267;adult
4267;adventure
4267;family
4267;historic
4267;musical
4267;thriller
4267;war
4268;adult
4269;action
4269;musical
4269;thriller
4272;war
4274;drama
4279;adult
4292;adult
4292;thriller
4295;adult
4295;thriller
4299;adult
4300;action
4300;adult
4300;adventure
4300;comedy
4300;family
4300;fiction
4300;science-fiction
4300;terror
4300;thriller
4300;war
4301;action
4301;adult
4312;action
4312;comedy
4319;action
4319;adventure
4319;fiction
4319;musical
4319;war
4323;family
4324;action
4324;family
4324;musical
4324;thriller
4324;war
4327;action
4327;musical
4331;terror
4333;action
4333;thriller
4338;war
4341;thriller
4351;adult
4351;adventure
4351;comedy
4351;family
4351;historic
4351;thriller
4354;action
4354;comedy
4354;war
4365;action
4365;thriller
4368;thriller
4371;action
4371;terror
4371;thriller
4373;adult
4376;action
4384;adult
4384;war
4387;action
4397;action
4397;adult
4397;musical
4397;thriller
4402;war
4404;action
4404;adult
4404;thriller
4405;action
4405;adult
4405;comedy
4405;musical
4405;thriller
4407;war
4428;adult
4431;action
4431;family
4433;adult
4477;thriller
4485;thriller
4486;action
4488;adult
4490;adult
4496;action
4507;thriller
4511;action
4511;fiction
4512;action
4512;adult
4512;historic
4516;action
4516;adult
4516;adventure
4516;family
4516;thriller
4517;terror
4517;war
4520;adult
4521;action
4521;adult
4521;thriller
4521;war
4531;action
4531;musical
4531;thriller
4534;action
4534;adult
4534;family
4534;historic
4552;fiction
4552;war
4555;adult
4561;action
4561;family
4570;musical
4574;adventure
4576;adult
4581;adult
4589;action
4589;adult
4596;science-fiction
4598;action
4604;action
4604;adult
4604;adventure
4604;drama
4604;family
4604;historic
4604;musical
4604;terror
4604;thriller
4604;war
4605;musical
4607;action
4607;adult
4607;comedy
4607;family
4607;sport
4607;thriller
4607;war
4608;action
4612;comedy
4613;action
4614;adult
4614;comedy
4617;action
4617;adult
4617;comedy
4617;thriller
4618;action
4618;adult
4618;comedy
4618;thriller
4626;action
4626;thriller
4627;action
4627;thriller
4634;adult
4636;adult
4638;action
4638;adventure
4638;thriller
4638;war
4645;war
4650;action
4650;adult
4653;family
4654;adult
4655;adult
4660;action
4660;thriller
4662;adult
4667;action
4667;adult
4667;adventure
4671;comedy
4673;adult
4675;action
4680;action
4684;adult
4687;action
4687;adult
4687;thriller
4687;war
4690;action
4690;adult
4690;family
4690;war
4693;action
4693;family
4703;adult
4704;action
4704;adult
4704;fiction
4704;musical
4704;science-fiction
4704;sport
4704;terror
4704;thriller
4704;war
4705;action
4705;adult
4705;family
4705;historic
4705;musical
4705;thriller
4707;family
4713;drama
4721;action
4738;action
4738;adult
4738;thriller
4753;action
4753;adult
4753;comedy
4753;family
4753;fiction
4756;action
4756;thriller
4759;comedy
4766;action
4772;thriller
4777;adventure
4782;action
4782;adult
4782;adventure
4782;family
4782;historic
4782;musical
4782;sport
4782;thriller
4782;war
4789;war
4794;action
4794;thriller
4796;action
4804;action
4808;action
4808;adventure
4808;family
4818;action
4818;musical
4825;west
4829;war
4831;action
4831;adult
4831;comedy
4831;musical
4838;action
4838;adult
4838;thriller
4838;war
4844;adult
4848;thriller
4863;adult
4868;action
4868;drama
4868;fiction
4868;war
4878;adult
4880;action
4880;adult
4880;family
4880;historic
4880;musical
4880;thriller
4880;war
4884;action
4884;adult
4884;family
4884;musical
4884;war
4886;thriller
4893;adult
4895;action
4895;adventure
4897;action
4897;adventure
4897;historic
4897;science-fiction
4897;thriller
4903;adult
4906;action
4907;adult
4908;adult
4908;thriller
4908;war
4911;adult
4915;adult
4917;adult
4923;action
4923;adult
4923;family
4923;historic
4923;science-fiction
4923;thriller
4923;war
4937;action
4941;thriller
4943;historic
4944;action
4946;action
4946;adult
4949;action
4949;adult
4949;adventure
4949;family
4949;historic
4949;musical
4949;terror
4949;thriller
4949;war
4953;action
4955;action
4955;adult
4955;family
4955;war
4956;action
4956;adult
4958;action
4958;adult
4958;adventure
4958;family
4958;musical
4958;thriller
4958;war
4959;war
4964;family
4967;action
4967;adult
4967;thriller
4982;thriller
4983;action
4983;adult
4983;adventure
4983;family
4983;musical
4983;science-fiction
4983;war
4991;action
4991;family
4991;war
4992;adult
4993;adult
4998;action
4998;adult
5011;action
5014;action
5014;adult
5014;family
5014;fiction
5017;action
5017;adult
5017;adventure
5017;historic
5017;musical
5019;action
5019;adult
5019;fiction
5019;thriller
5019;war
5024;adult
5028;action
5032;action
5040;fiction
5043;action
5043;adult
5043;comedy
5043;drama
5043;family
5043;fiction
5043;historic
5043;musical
5043;thriller
5043;war
5046;action
5046;adult
5046;adventure
5046;family
5046;historic
5046;musical
5046;thriller
5046;war
5046;west
5048;action
5051;action
5051;musical
5051;war
5052;action
5052;family
5052;historic
5052;musical
5052;science-fiction
5052;thriller
5052;war
5056;adult
5059;action
5059;adult
5059;adventure
5059;family
5059;thriller
5060;adult
5065;action
5065;adult
5065;terror
5065;war
5070;adult
5070;musical
5073;war
5076;action
5076;adventure
5076;family
5076;historic
5076;thriller
5076;war
5081;historic
5082;action
5082;adult
5082;terror
5082;thriller
5083;action
5083;war
5085;family
5087;action
5087;adult
5087;family
5087;historic
5087;science-fiction
5087;thriller
5087;war
5093;action
5093;adult
5093;historic
5096;action
5097;action
5097;adult
5097;adventure
5097;family
5097;historic
5097;musical
5097;science-fiction
5097;thriller
5097;war
5099;action
5100;action
5100;family
5102;action
5102;adult
5102;fiction
5102;musical
5102;thriller
5102;war
5103;action
5103;family
5103;fiction
5103;thriller
5104;action
5104;historic
5105;action
5105;adult
5105;adventure
5105;family
5105;historic
5105;musical
5105;thriller
5105;war
5107;action
5107;adult
5107;family
5107;thriller
5110;action
5110;adult
5110;family
5110;fiction
5110;historic
5110;thriller
5110;war
5111;action
5111;thriller
5114;action
5114;adult
5114;family
5114;musical
5114;thriller
5114;war
5116;action
5116;family
5116;musical
5121;action
5121;thriller
5124;action
5124;family
5124;fiction
5124;musical
5124;science-fiction
5124;war
5128;action
5134;action
5134;adult
5134;family
5145;action
5145;adult
5145;adventure
5145;drama
5145;family
5145;musical
5145;science-fiction
5145;war
5151;adult
5154;action
5154;sport
5158;adult
5160;action
5162;action
5162;war
5169;action
5169;family
5169;historic
5169;musical
5169;science-fiction
5171;action
5171;adult
5171;adventure
5171;historic
5171;science-fiction
5171;war
5174;adult
5178;action
5178;adult
5178;family
5178;fiction
5178;thriller
5178;war
5190;adult
5192;west
5193;action
5193;adult
5193;fiction
5193;thriller
5194;action
5194;historic
5195;action
5206;action
5206;adult
5206;family
5206;historic
5206;science-fiction
5206;thriller
5206;war
5209;action
5209;adult
5209;adventure
5209;family
5209;fiction
5209;thriller
5209;war
5212;action
5212;family
5212;fiction
5212;musical
5212;war
5214;adult
5219;action
5227;action
5227;thriller
5229;adventure
5229;thriller
5230;action
5230;musical
5230;thriller
5233;action
5233;family
5233;thriller
5241;action
5241;adult
5241;historic
5245;action
5245;adult
5245;adventure
5245;family
5245;musical
5245;science-fiction
5245;thriller
5245;war
5248;action
5251;action
5256;adult
5260;action
5260;adult
5260;musical
5267;action
5267;family
5270;thriller
5277;family
5281;adult
5288;fiction
5295;thriller
5299;family
5301;action
5301;adult
5310;action
5310;adult
5310;family
5312;action
5312;adult
5312;family
5312;fiction
5312;thriller
5312;war
5315;family
5316;war
5327;action
5327;family
5327;historic
5327;thriller
5327;war
5331;action
5331;adult
5331;family
5331;historic
5331;thriller
5340;adult
5352;action
5352;adventure
5352;fiction
5352;thriller
5357;action
5359;adult
5360;action
5361;action
5362;action
5364;adult
5371;action
5371;adult
5371;musical
5371;thriller
5375;adult
5377;action
5377;adult
5377;adventure
5377;comedy
5377;family
5377;musical
5377;terror
5377;thriller
5377;war
5378;adult
5379;adult
5392;adult
5393;action
5393;thriller
5395;adventure
5397;thriller
5399;action
5401;action
5406;action
5406;historic
5406;thriller
5406;war
5410;action
5410;thriller
5411;action
5411;family
5411;musical
5412;action
5423;action
5423;adventure
5423;family
5423;historic
5423;terror
5423;war
5423;west
5431;action
5433;action
5433;adult
5434;musical
5437;action
5441;drama
5444;action
5444;adult
5444;family
5444;historic
5444;musical
5444;thriller
5444;war
5446;action
5449;adult
5451;adult
5455;action
5455;comedy
5455;war
5457;war
5458;action
5458;adult
5458;thriller
5459;adult
5462;family
5464;action
5464;historic
5464;musical
5464;war
5466;thriller
5470;action
5470;adult
5470;adventure
5470;comedy
5470;family
5470;historic
5470;musical
5470;science-fiction
5470;thriller
5470;war
5471;action
5476;action
5476;adult
5476;family
5476;musical
5479;thriller
5485;action
5485;adult
5485;adventure
5485;family
5485;musical
5485;war
5488;action
5488;adult
5488;adventure
5488;family
5488;fiction
5488;musical
5488;terror
5488;thriller
5491;action
5491;adult
5491;adventure
5491;comedy
5491;family
5491;musical
5491;thriller
5491;war
5495;family
5495;thriller
5500;action
5500;adult
5500;adventure
5500;comedy
5500;family
5500;fiction
5500;musical
5500;terror
5500;thriller
5500;war
5503;action
5506;action
5507;family
5509;adult
5509;thriller
5516;action
5518;thriller
5518;war
